"","City","AQI","Date"
"1",NA,NA,NA
"2","Ahmedabad","175",2020-05-25
"3","Aizawl","17",2020-05-25
"4","Amaravati","56",2020-05-25
"5","Amritsar","69",2020-05-25
"6","Bengaluru","55",2020-05-25
"7","Bhopal","40",2020-05-25
"8","Chandigarh","86",2020-05-25
"9","Chennai","62",2020-05-25
"10","Delhi","153",2020-05-25
"11","Ernakulam","101",2020-05-25
"12","Gurugram","142",2020-05-25
"13","Guwahati","30",2020-05-25
"14","Hyderabad","94",2020-05-25
"15","Jaipur","112",2020-05-25
"16","Jorapokhar","145",2020-05-25
"17","Kochi","72",2020-05-25
"18","Kolkata","47",2020-05-25
"19","Lucknow","166",2020-05-25
"20","Mumbai","45",2020-05-25
"21","Patna","111",2020-05-25
"22","Shillong","26",2020-05-25
"23","Talcher","78",2020-05-25
"24","Thiruvananthapuram","43",2020-05-25
"25","Visakhapatnam","76",2020-05-25
"26","Ahmedabad","165",2020-05-26
"27","Amaravati","73",2020-05-26
"28","Amritsar","84",2020-05-26
"29","Bengaluru","58",2020-05-26
"30","Bhopal","61",2020-05-26
"31","Chandigarh","76",2020-05-26
"32","Chennai","67",2020-05-26
"33","Delhi","154",2020-05-26
"34","Ernakulam","97",2020-05-26
"35","Gurugram","147",2020-05-26
"36","Guwahati","36",2020-05-26
"37","Hyderabad","83",2020-05-26
"38","Jaipur","121",2020-05-26
"39","Jorapokhar","140",2020-05-26
"40","Kochi","68",2020-05-26
"41","Kolkata","46",2020-05-26
"42","Lucknow","135",2020-05-26
"43","Mumbai","51",2020-05-26
"44","Patna","96",2020-05-26
"45","Shillong","13",2020-05-26
"46","Talcher","81",2020-05-26
"47","Thiruvananthapuram","40",2020-05-26
"48","Visakhapatnam","66",2020-05-26
"49","Ahmedabad","164",2020-05-27
"50","Amaravati","66",2020-05-27
"51","Amritsar","69",2020-05-27
"52","Bengaluru","60",2020-05-27
"53","Bhopal","107",2020-05-27
"54","Chandigarh","85",2020-05-27
"55","Chennai","58",2020-05-27
"56","Delhi","156",2020-05-27
"57","Ernakulam","101",2020-05-27
"58","Gurugram","156",2020-05-27
"59","Guwahati","44",2020-05-27
"60","Hyderabad","86",2020-05-27
"61","Jaipur","132",2020-05-27
"62","Jorapokhar","145",2020-05-27
"63","Kochi","72",2020-05-27
"64","Kolkata","40",2020-05-27
"65","Lucknow","185",2020-05-27
"66","Mumbai","45",2020-05-27
"67","Patna","104",2020-05-27
"68","Shillong","21",2020-05-27
"69","Talcher","81",2020-05-27
"70","Thiruvananthapuram","43",2020-05-27
"71","Visakhapatnam","39",2020-05-27
"72","Ahmedabad","154",2020-05-28
"73","Amaravati","65",2020-05-28
"74","Amritsar","89",2020-05-28
"75","Bengaluru","58",2020-05-28
"76","Bhopal","107",2020-05-28
"77","Chandigarh","99",2020-05-28
"78","Chennai","62",2020-05-28
"79","Delhi","188",2020-05-28
"80","Ernakulam","101",2020-05-28
"81","Gurugram","151",2020-05-28
"82","Guwahati","49",2020-05-28
"83","Hyderabad","84",2020-05-28
"84","Jaipur","157",2020-05-28
"85","Jorapokhar","142",2020-05-28
"86","Kochi","71",2020-05-28
"87","Kolkata","42",2020-05-28
"88","Lucknow","98",2020-05-28
"89","Mumbai","45",2020-05-28
"90","Patna","111",2020-05-28
"91","Shillong","19",2020-05-28
"92","Talcher","73",2020-05-28
"93","Thiruvananthapuram","50",2020-05-28
"94","Ahmedabad","83",2020-05-29
"95","Amaravati","71",2020-05-29
"96","Amritsar","68",2020-05-29
"97","Bengaluru","49",2020-05-29
"98","Bhopal","106",2020-05-29
"99","Chandigarh","70",2020-05-29
"100","Chennai","97",2020-05-29
"101","Delhi","101",2020-05-29
"102","Ernakulam","100",2020-05-29
"103","Gurugram","100",2020-05-29
"104","Guwahati","53",2020-05-29
"105","Hyderabad","81",2020-05-29
"106","Jaipur","132",2020-05-29
"107","Jorapokhar","133",2020-05-29
"108","Kochi","72",2020-05-29
"109","Kolkata","51",2020-05-29
"110","Lucknow","78",2020-05-29
"111","Mumbai","35",2020-05-29
"112","Patna","79",2020-05-29
"113","Shillong","22",2020-05-29
"114","Talcher","84",2020-05-29
"115","Thiruvananthapuram","37",2020-05-29
"116","Visakhapatnam","76",2020-05-29
"117","Ahmedabad","157",2020-05-30
"118","Amaravati","61",2020-05-30
"119","Amritsar","61",2020-05-30
"120","Bengaluru","56",2020-05-30
"121","Bhopal","117",2020-05-30
"122","Chandigarh","40",2020-05-30
"123","Chennai","86",2020-05-30
"124","Delhi","78",2020-05-30
"125","Ernakulam","91",2020-05-30
"126","Gurugram","68",2020-05-30
"127","Guwahati","54",2020-05-30
"128","Hyderabad","56",2020-05-30
"129","Jaipur","98",2020-05-30
"130","Jorapokhar","138",2020-05-30
"131","Kochi","81",2020-05-30
"132","Kolkata","47",2020-05-30
"133","Lucknow","100",2020-05-30
"134","Mumbai","37",2020-05-30
"135","Patna","85",2020-05-30
"136","Shillong","22",2020-05-30
"137","Thiruvananthapuram","39",2020-05-30
"138","Visakhapatnam","75",2020-05-30
"139","Ahmedabad","86",2020-05-31
"140","Amaravati","62",2020-05-31
"141","Amritsar","33",2020-05-31
"142","Bengaluru","54",2020-05-31
"143","Bhopal","126",2020-05-31
"144","Chandigarh","37",2020-05-31
"145","Chennai","68",2020-05-31
"146","Delhi","72",2020-05-31
"147","Ernakulam","75",2020-05-31
"148","Gurugram","102",2020-05-31
"149","Guwahati","40",2020-05-31
"150","Hyderabad","69",2020-05-31
"151","Jaipur","71",2020-05-31
"152","Jorapokhar","140",2020-05-31
"153","Kochi","62",2020-05-31
"154","Kolkata","50",2020-05-31
"155","Lucknow","67",2020-05-31
"156","Mumbai","43",2020-05-31
"157","Patna","102",2020-05-31
"158","Shillong","22",2020-05-31
"159","Thiruvananthapuram","36",2020-05-31
"160","Visakhapatnam","41",2020-05-31
"161","Ahmedabad","101",2020-06-01
"162","Amaravati","45",2020-06-01
"163","Amritsar","39",2020-06-01
"164","Bengaluru","36",2020-06-01
"165","Bhopal","102",2020-06-01
"166","Chandigarh","41",2020-06-01
"167","Chennai","92",2020-06-01
"168","Delhi","104",2020-06-01
"169","Ernakulam","95",2020-06-01
"170","Gurugram","180",2020-06-01
"171","Guwahati","62",2020-06-01
"172","Hyderabad","46",2020-06-01
"173","Jaipur","92",2020-06-01
"174","Jorapokhar","134",2020-06-01
"175","Kochi","64",2020-06-01
"176","Kolkata","38",2020-06-01
"177","Lucknow","84",2020-06-01
"178","Mumbai","34",2020-06-01
"179","Patna","94",2020-06-01
"180","Shillong","27",2020-06-01
"181","Talcher","95",2020-06-01
"182","Thiruvananthapuram","31",2020-06-01
"183","Visakhapatnam","95",2020-06-01
"184","Ahmedabad","82",2020-06-02
"185","Aizawl","15",2020-06-02
"186","Amaravati","36",2020-06-02
"187","Amritsar","49",2020-06-02
"188","Bengaluru","32",2020-06-02
"189","Bhopal","78",2020-06-02
"190","Brajrajnagar","113",2020-06-02
"191","Chandigarh","48",2020-06-02
"192","Chennai","77",2020-06-02
"193","Delhi","124",2020-06-02
"194","Ernakulam","90",2020-06-02
"195","Gurugram","159",2020-06-02
"196","Guwahati","39",2020-06-02
"197","Hyderabad","56",2020-06-02
"198","Jaipur","104",2020-06-02
"199","Jorapokhar","214",2020-06-02
"200","Kochi","65",2020-06-02
"201","Kolkata","43",2020-06-02
"202","Lucknow","96",2020-06-02
"203","Mumbai","46",2020-06-02
"204","Patna","133",2020-06-02
"205","Shillong","29",2020-06-02
"206","Thiruvananthapuram","26",2020-06-02
"207","Visakhapatnam","37",2020-06-02
"208","Aizawl","15",2020-06-03
"209","Amaravati","35",2020-06-03
"210","Amritsar","314",2020-06-03
"211","Bengaluru","36",2020-06-03
"212","Bhopal","57",2020-06-03
"213","Chandigarh","52",2020-06-03
"214","Chennai","66",2020-06-03
"215","Delhi","122",2020-06-03
"216","Ernakulam","88",2020-06-03
"217","Gurugram","122",2020-06-03
"218","Guwahati","54",2020-06-03
"219","Hyderabad","34",2020-06-03
"220","Jaipur","83",2020-06-03
"221","Jorapokhar","136",2020-06-03
"222","Kochi","68",2020-06-03
"223","Kolkata","49",2020-06-03
"224","Lucknow","119",2020-06-03
"225","Mumbai","32",2020-06-03
"226","Patna","106",2020-06-03
"227","Shillong","35",2020-06-03
"228","Talcher","107",2020-06-03
"229","Thiruvananthapuram","28",2020-06-03
"230","Visakhapatnam","90",2020-06-03
"231","Aizawl","15",2020-06-04
"232","Amaravati","36",2020-06-04
"233","Amritsar","140",2020-06-04
"234","Bengaluru","34",2020-06-04
"235","Bhopal","55",2020-06-04
"236","Chandigarh","60",2020-06-04
"237","Chennai","67",2020-06-04
"238","Delhi","153",2020-06-04
"239","Ernakulam","85",2020-06-04
"240","Gurugram","122",2020-06-04
"241","Guwahati","41",2020-06-04
"242","Hyderabad","32",2020-06-04
"243","Jaipur","78",2020-06-04
"244","Jorapokhar","142",2020-06-04
"245","Kochi","68",2020-06-04
"246","Kolkata","42",2020-06-04
"247","Lucknow","146",2020-06-04
"248","Mumbai","36",2020-06-04
"249","Patna","102",2020-06-04
"250","Shillong","32",2020-06-04
"251","Thiruvananthapuram","31",2020-06-04
"252","Visakhapatnam","59",2020-06-04
"253","Ahmedabad","82",2020-06-05
"254","Aizawl","17",2020-06-05
"255","Amaravati","33",2020-06-05
"256","Amritsar","40",2020-06-05
"257","Bengaluru","51",2020-06-05
"258","Bhopal","31",2020-06-05
"259","Chandigarh","44",2020-06-05
"260","Chennai","69",2020-06-05
"261","Delhi","111",2020-06-05
"262","Ernakulam","91",2020-06-05
"263","Gurugram","142",2020-06-05
"264","Guwahati","36",2020-06-05
"265","Hyderabad","42",2020-06-05
"266","Jaipur","89",2020-06-05
"267","Jorapokhar","137",2020-06-05
"268","Kochi","74",2020-06-05
"269","Kolkata","33",2020-06-05
"270","Lucknow","88",2020-06-05
"271","Mumbai","41",2020-06-05
"272","Patna","64",2020-06-05
"273","Shillong","32",2020-06-05
"274","Thiruvananthapuram","36",2020-06-05
"275","Visakhapatnam","99",2020-06-05
"276","Ahmedabad","71",2020-06-06
"277","Aizawl","17",2020-06-06
"278","Amaravati","42",2020-06-06
"279","Amritsar","40",2020-06-06
"280","Bengaluru","60",2020-06-06
"281","Bhopal","43",2020-06-06
"282","Chandigarh","37",2020-06-06
"283","Chennai","71",2020-06-06
"284","Delhi","102",2020-06-06
"285","Ernakulam","87",2020-06-06
"286","Gurugram","113",2020-06-06
"287","Guwahati","34",2020-06-06
"288","Hyderabad","62",2020-06-06
"289","Jaipur","74",2020-06-06
"290","Jorapokhar","132",2020-06-06
"291","Kochi","76",2020-06-06
"292","Kolkata","49",2020-06-06
"293","Lucknow","79",2020-06-06
"294","Mumbai","30",2020-06-06
"295","Patna","46",2020-06-06
"296","Shillong","13",2020-06-06
"297","Talcher","105",2020-06-06
"298","Ahmedabad","75",2020-06-07
"299","Aizawl","15",2020-06-07
"300","Amaravati","47",2020-06-07
"301","Amritsar","40",2020-06-07
"302","Bengaluru","50",2020-06-07
"303","Bhopal","61",2020-06-07
"304","Chandigarh","37",2020-06-07
"305","Chennai","88",2020-06-07
"306","Delhi","107",2020-06-07
"307","Ernakulam","83",2020-06-07
"308","Gurugram","134",2020-06-07
"309","Guwahati","30",2020-06-07
"310","Hyderabad","60",2020-06-07
"311","Jaipur","73",2020-06-07
"312","Jorapokhar","149",2020-06-07
"313","Kochi","69",2020-06-07
"314","Kolkata","57",2020-06-07
"315","Lucknow","62",2020-06-07
"316","Mumbai","41",2020-06-07
"317","Patna","68",2020-06-07
"318","Shillong","34",2020-06-07
"319","Thiruvananthapuram","26",2020-06-07
"320","Ahmedabad","68",2020-06-08
"321","Aizawl","23",2020-06-08
"322","Amaravati","46",2020-06-08
"323","Amritsar","51",2020-06-08
"324","Bengaluru","47",2020-06-08
"325","Chandigarh","52",2020-06-08
"326","Chennai","68",2020-06-08
"327","Delhi","108",2020-06-08
"328","Ernakulam","104",2020-06-08
"329","Gurugram","119",2020-06-08
"330","Guwahati","42",2020-06-08
"331","Hyderabad","53",2020-06-08
"332","Jaipur","66",2020-06-08
"333","Jorapokhar","141",2020-06-08
"334","Kochi","76",2020-06-08
"335","Kolkata","47",2020-06-08
"336","Lucknow","82",2020-06-08
"337","Mumbai","36",2020-06-08
"338","Patna","73",2020-06-08
"339","Shillong","35",2020-06-08
"340","Thiruvananthapuram","33",2020-06-08
"341","Visakhapatnam","119",2020-06-08
"342","Ahmedabad","74",2020-06-09
"343","Aizawl","18",2020-06-09
"344","Amaravati","55",2020-06-09
"345","Amritsar","84",2020-06-09
"346","Bengaluru","53",2020-06-09
"347","Bhopal","63",2020-06-09
"348","Chandigarh","56",2020-06-09
"349","Chennai","70",2020-06-09
"350","Delhi","139",2020-06-09
"351","Ernakulam","105",2020-06-09
"352","Gurugram","144",2020-06-09
"353","Guwahati","55",2020-06-09
"354","Hyderabad","53",2020-06-09
"355","Jaipur","88",2020-06-09
"356","Jorapokhar","148",2020-06-09
"357","Kochi","87",2020-06-09
"358","Kolkata","46",2020-06-09
"359","Lucknow","174",2020-06-09
"360","Mumbai","34",2020-06-09
"361","Patna","93",2020-06-09
"362","Shillong","40",2020-06-09
"363","Thiruvananthapuram","37",2020-06-09
"364","Ahmedabad","90",2020-06-10
"365","Amaravati","42",2020-06-10
"366","Amritsar","77",2020-06-10
"367","Bengaluru","72",2020-06-10
"368","Bhopal","48",2020-06-10
"369","Chandigarh","68",2020-06-10
"370","Chennai","70",2020-06-10
"371","Delhi","152",2020-06-10
"372","Ernakulam","104",2020-06-10
"373","Gurugram","127",2020-06-10
"374","Guwahati","66",2020-06-10
"375","Hyderabad","47",2020-06-10
"376","Jaipur","85",2020-06-10
"377","Jorapokhar","142",2020-06-10
"378","Kochi","81",2020-06-10
"379","Kolkata","37",2020-06-10
"380","Lucknow","200",2020-06-10
"381","Mumbai","40",2020-06-10
"382","Patna","100",2020-06-10
"383","Shillong","27",2020-06-10
"384","Thiruvananthapuram","44",2020-06-10
"385","Ahmedabad","70",2020-06-11
"386","Amaravati","40",2020-06-11
"387","Amritsar","78",2020-06-11
"388","Bengaluru","42",2020-06-11
"389","Bhopal","60",2020-06-11
"390","Chandigarh","66",2020-06-11
"391","Chennai","78",2020-06-11
"392","Delhi","141",2020-06-11
"393","Ernakulam","105",2020-06-11
"394","Gurugram","132",2020-06-11
"395","Guwahati","79",2020-06-11
"396","Hyderabad","41",2020-06-11
"397","Jaipur","90",2020-06-11
"398","Jorapokhar","141",2020-06-11
"399","Kochi","90",2020-06-11
"400","Kolkata","26",2020-06-11
"401","Lucknow","174",2020-06-11
"402","Mumbai","35",2020-06-11
"403","Patna","83",2020-06-11
"404","Shillong","25",2020-06-11
"405","Thiruvananthapuram","39",2020-06-11
"406","Visakhapatnam","94",2020-06-11
"407","Ahmedabad","87",2020-06-12
"408","Aizawl","17",2020-06-12
"409","Amaravati","37",2020-06-12
"410","Amritsar","86",2020-06-12
"411","Bengaluru","42",2020-06-12
"412","Bhopal","70",2020-06-12
"413","Chandigarh","78",2020-06-12
"414","Chennai","112",2020-06-12
"415","Delhi","153",2020-06-12
"416","Ernakulam","114",2020-06-12
"417","Gurugram","166",2020-06-12
"418","Guwahati","27",2020-06-12
"419","Hyderabad","42",2020-06-12
"420","Jaipur","96",2020-06-12
"421","Jorapokhar","119",2020-06-12
"422","Kochi","80",2020-06-12
"423","Kolkata","31",2020-06-12
"424","Lucknow","164",2020-06-12
"425","Mumbai","38",2020-06-12
"426","Patna","72",2020-06-12
"427","Shillong","29",2020-06-12
"428","Thiruvananthapuram","47",2020-06-12
"429","Ahmedabad","68",2020-06-13
"430","Aizawl","11",2020-06-13
"431","Amaravati","41",2020-06-13
"432","Amritsar","104",2020-06-13
"433","Bengaluru","45",2020-06-13
"434","Bhopal","59",2020-06-13
"435","Chandigarh","87",2020-06-13
"436","Chennai","60",2020-06-13
"437","Delhi","123",2020-06-13
"438","Ernakulam","100",2020-06-13
"439","Gurugram","142",2020-06-13
"440","Guwahati","39",2020-06-13
"441","Hyderabad","31",2020-06-13
"442","Jaipur","108",2020-06-13
"443","Jorapokhar","93",2020-06-13
"444","Kochi","82",2020-06-13
"445","Kolkata","33",2020-06-13
"446","Lucknow","111",2020-06-13
"447","Mumbai","33",2020-06-13
"448","Patna","58",2020-06-13
"449","Shillong","26",2020-06-13
"450","Thiruvananthapuram","50",2020-06-13
"451","Ahmedabad","55",2020-06-14
"452","Amaravati","39",2020-06-14
"453","Amritsar","84",2020-06-14
"454","Bengaluru","42",2020-06-14
"455","Bhopal","47",2020-06-14
"456","Chandigarh","54",2020-06-14
"457","Chennai","61",2020-06-14
"458","Delhi","154",2020-06-14
"459","Ernakulam","90",2020-06-14
"460","Gurugram","167",2020-06-14
"461","Guwahati","26",2020-06-14
"462","Hyderabad","33",2020-06-14
"463","Jaipur","82",2020-06-14
"464","Jorapokhar","80",2020-06-14
"465","Kochi","67",2020-06-14
"466","Kolkata","30",2020-06-14
"467","Lucknow","86",2020-06-14
"468","Mumbai","32",2020-06-14
"469","Patna","54",2020-06-14
"470","Thiruvananthapuram","36",2020-06-14
"471","Ahmedabad","56",2020-06-15
"472","Aizawl","11",2020-06-15
"473","Amaravati","35",2020-06-15
"474","Amritsar","99",2020-06-15
"475","Bengaluru","36",2020-06-15
"476","Bhopal","83",2020-06-15
"477","Chennai","61",2020-06-15
"478","Delhi","115",2020-06-15
"479","Gurugram","142",2020-06-15
"480","Guwahati","30",2020-06-15
"481","Hyderabad","34",2020-06-15
"482","Jaipur","84",2020-06-15
"483","Jorapokhar","79",2020-06-15
"484","Kolkata","31",2020-06-15
"485","Lucknow","78",2020-06-15
"486","Mumbai","31",2020-06-15
"487","Patna","48",2020-06-15
"488","Thiruvananthapuram","41",2020-06-15
"489","Ahmedabad","89",2020-06-16
"490","Aizawl","11",2020-06-16
"491","Amaravati","32",2020-06-16
"492","Amritsar","109",2020-06-16
"493","Bengaluru","53",2020-06-16
"494","Bhopal","85",2020-06-16
"495","Chandigarh","60",2020-06-16
"496","Chennai","72",2020-06-16
"497","Delhi","118",2020-06-16
"498","Ernakulam","103",2020-06-16
"499","Gurugram","148",2020-06-16
"500","Guwahati","30",2020-06-16
"501","Hyderabad","31",2020-06-16
"502","Jaipur","103",2020-06-16
"503","Jorapokhar","72",2020-06-16
"504","Kochi","75",2020-06-16
"505","Kolkata","37",2020-06-16
"506","Lucknow","73",2020-06-16
"507","Mumbai","37",2020-06-16
"508","Patna","47",2020-06-16
"509","Thiruvananthapuram","44",2020-06-16
"510","Amritsar","113",2020-06-17
"511","Bengaluru","54",2020-06-17
"512","Bhopal","75",2020-06-17
"513","Chandigarh","55",2020-06-17
"514","Chennai","84",2020-06-17
"515","Delhi","109",2020-06-17
"516","Gurugram","140",2020-06-17
"517","Guwahati","28",2020-06-17
"518","Hyderabad","29",2020-06-17
"519","Jaipur","101",2020-06-17
"520","Jorapokhar","76",2020-06-17
"521","Kochi","82",2020-06-17
"522","Kolkata","39",2020-06-17
"523","Lucknow","72",2020-06-17
"524","Mumbai","36",2020-06-17
"525","Patna","49",2020-06-17
"526","Thiruvananthapuram","59",2020-06-17
"527","Visakhapatnam","86",2020-06-17
"528","Aizawl","8",2020-06-18
"529","Amaravati","35",2020-06-18
"530","Amritsar","115",2020-06-18
"531","Bengaluru","62",2020-06-18
"532","Bhopal","74",2020-06-18
"533","Chandigarh","67",2020-06-18
"534","Chennai","80",2020-06-18
"535","Delhi","95",2020-06-18
"536","Gurugram","114",2020-06-18
"537","Guwahati","30",2020-06-18
"538","Hyderabad","35",2020-06-18
"539","Jaipur","110",2020-06-18
"540","Jorapokhar","71",2020-06-18
"541","Kochi","81",2020-06-18
"542","Kolkata","40",2020-06-18
"543","Lucknow","76",2020-06-18
"544","Mumbai","35",2020-06-18
"545","Patna","53",2020-06-18
"546","Shillong","28",2020-06-18
"547","Talcher","74",2020-06-18
"548","Thiruvananthapuram","50",2020-06-18
"549","Visakhapatnam","67",2020-06-18
"550","Ahmedabad","102",2020-06-19
"551","Amaravati","36",2020-06-19
"552","Amritsar","134",2020-06-19
"553","Bengaluru","60",2020-06-19
"554","Bhopal","64",2020-06-19
"555","Chandigarh","63",2020-06-19
"556","Chennai","104",2020-06-19
"557","Delhi","148",2020-06-19
"558","Gurugram","150",2020-06-19
"559","Guwahati","25",2020-06-19
"560","Hyderabad","39",2020-06-19
"561","Jaipur","101",2020-06-19
"562","Jorapokhar","78",2020-06-19
"563","Kochi","83",2020-06-19
"564","Kolkata","44",2020-06-19
"565","Lucknow","69",2020-06-19
"566","Mumbai","42",2020-06-19
"567","Patna","44",2020-06-19
"568","Shillong","42",2020-06-19
"569","Talcher","29",2020-06-19
"570","Thiruvananthapuram","48",2020-06-19
"571","Visakhapatnam","89",2020-06-19
"572","Ahmedabad","122",2020-06-20
"573","Aizawl","15",2020-06-20
"574","Amaravati","47",2020-06-20
"575","Amritsar","120",2020-06-20
"576","Bengaluru","52",2020-06-20
"577","Bhopal","60",2020-06-20
"578","Chandigarh","49",2020-06-20
"579","Chennai","110",2020-06-20
"580","Delhi","149",2020-06-20
"581","Ernakulam","108",2020-06-20
"582","Gurugram","170",2020-06-20
"583","Guwahati","31",2020-06-20
"584","Hyderabad","55",2020-06-20
"585","Jaipur","127",2020-06-20
"586","Jorapokhar","85",2020-06-20
"587","Kochi","79",2020-06-20
"588","Kolkata","42",2020-06-20
"589","Lucknow","77",2020-06-20
"590","Mumbai","51",2020-06-20
"591","Patna","56",2020-06-20
"592","Shillong","38",2020-06-20
"593","Talcher","44",2020-06-20
"594","Thiruvananthapuram","38",2020-06-20
"595","Ahmedabad","69",2020-06-21
"596","Aizawl","11",2020-06-21
"597","Amaravati","38",2020-06-21
"598","Amritsar","130",2020-06-21
"599","Bengaluru","46",2020-06-21
"600","Bhopal","65",2020-06-21
"601","Chandigarh","74",2020-06-21
"602","Chennai","88",2020-06-21
"603","Delhi","98",2020-06-21
"604","Gurugram","149",2020-06-21
"605","Guwahati","44",2020-06-21
"606","Hyderabad","58",2020-06-21
"607","Jaipur","88",2020-06-21
"608","Jorapokhar","106",2020-06-21
"609","Kochi","68",2020-06-21
"610","Kolkata","34",2020-06-21
"611","Lucknow","64",2020-06-21
"612","Mumbai","43",2020-06-21
"613","Patna","45",2020-06-21
"614","Shillong","31",2020-06-21
"615","Talcher","37",2020-06-21
"616","Thiruvananthapuram","37",2020-06-21
"617","Visakhapatnam","91",2020-06-21
"618","Ahmedabad","75",2020-06-22
"619","Aizawl","14",2020-06-22
"620","Amaravati","43",2020-06-22
"621","Amritsar","66",2020-06-22
"622","Bengaluru","41",2020-06-22
"623","Bhopal","63",2020-06-22
"624","Chandigarh","46",2020-06-22
"625","Chennai","100",2020-06-22
"626","Delhi","92",2020-06-22
"627","Gurugram","131",2020-06-22
"628","Guwahati","29",2020-06-22
"629","Hyderabad","59",2020-06-22
"630","Jaipur","76",2020-06-22
"631","Jorapokhar","99",2020-06-22
"632","Kochi","71",2020-06-22
"633","Kolkata","39",2020-06-22
"634","Lucknow","59",2020-06-22
"635","Mumbai","42",2020-06-22
"636","Patna","51",2020-06-22
"637","Shillong","40",2020-06-22
"638","Talcher","36",2020-06-22
"639","Thiruvananthapuram","32",2020-06-22
"640","Visakhapatnam","91",2020-06-22
"641","Ahmedabad","77",2020-06-23
"642","Aizawl","12",2020-06-23
"643","Amaravati","45",2020-06-23
"644","Amritsar","169",2020-06-23
"645","Bengaluru","47",2020-06-23
"646","Bhopal","38",2020-06-23
"647","Chandigarh","50",2020-06-23
"648","Chennai","82",2020-06-23
"649","Delhi","76",2020-06-23
"650","Ernakulam","106",2020-06-23
"651","Gurugram","88",2020-06-23
"652","Guwahati","38",2020-06-23
"653","Hyderabad","46",2020-06-23
"654","Jaipur","69",2020-06-23
"655","Jorapokhar","158",2020-06-23
"656","Kochi","81",2020-06-23
"657","Kolkata","43",2020-06-23
"658","Lucknow","68",2020-06-23
"659","Mumbai","41",2020-06-23
"660","Patna","60",2020-06-23
"661","Shillong","42",2020-06-23
"662","Talcher","22",2020-06-23
"663","Thiruvananthapuram","44",2020-06-23
"664","Ahmedabad","70",2020-06-24
"665","Aizawl","27",2020-06-24
"666","Amaravati","48",2020-06-24
"667","Bengaluru","57",2020-06-24
"668","Bhopal","57",2020-06-24
"669","Chandigarh","34",2020-06-24
"670","Chennai","110",2020-06-24
"671","Delhi","66",2020-06-24
"672","Ernakulam","108",2020-06-24
"673","Gurugram","77",2020-06-24
"674","Guwahati","36",2020-06-24
"675","Hyderabad","50",2020-06-24
"676","Jaipur","62",2020-06-24
"677","Jorapokhar","82",2020-06-24
"678","Kochi","98",2020-06-24
"679","Kolkata","51",2020-06-24
"680","Lucknow","87",2020-06-24
"681","Mumbai","33",2020-06-24
"682","Patna","68",2020-06-24
"683","Shillong","27",2020-06-24
"684","Talcher","42",2020-06-24
"685","Thiruvananthapuram","72",2020-06-24
"686","Ahmedabad","78",2020-06-25
"687","Aizawl","33",2020-06-25
"688","Amaravati","49",2020-06-25
"689","Amritsar","54",2020-06-25
"690","Bengaluru","44",2020-06-25
"691","Bhopal","50",2020-06-25
"692","Chandigarh","34",2020-06-25
"693","Chennai","88",2020-06-25
"694","Delhi","85",2020-06-25
"695","Ernakulam","104",2020-06-25
"696","Gurugram","92",2020-06-25
"697","Guwahati","32",2020-06-25
"698","Hyderabad","46",2020-06-25
"699","Jaipur","58",2020-06-25
"700","Jorapokhar","91",2020-06-25
"701","Kochi","79",2020-06-25
"702","Kolkata","45",2020-06-25
"703","Lucknow","114",2020-06-25
"704","Mumbai","36",2020-06-25
"705","Patna","82",2020-06-25
"706","Shillong","17",2020-06-25
"707","Talcher","47",2020-06-25
"708","Thiruvananthapuram","55",2020-06-25
"709","Ahmedabad","71",2020-06-26
"710","Aizawl","11",2020-06-26
"711","Amaravati","32",2020-06-26
"712","Amritsar","123",2020-06-26
"713","Bengaluru","40",2020-06-26
"714","Bhopal","48",2020-06-26
"715","Chandigarh","57",2020-06-26
"716","Chennai","84",2020-06-26
"717","Delhi","105",2020-06-26
"718","Ernakulam","102",2020-06-26
"719","Gurugram","128",2020-06-26
"720","Guwahati","27",2020-06-26
"721","Hyderabad","50",2020-06-26
"722","Jaipur","178",2020-06-26
"723","Jorapokhar","97",2020-06-26
"724","Kochi","78",2020-06-26
"725","Kolkata","36",2020-06-26
"726","Lucknow","72",2020-06-26
"727","Mumbai","42",2020-06-26
"728","Patna","56",2020-06-26
"729","Talcher","53",2020-06-26
"730","Thiruvananthapuram","36",2020-06-26
"731","Visakhapatnam","36",2020-06-26
"732","Amaravati","43",2020-06-27
"733","Amritsar","85",2020-06-27
"734","Bengaluru","35",2020-06-27
"735","Bhopal","61",2020-06-27
"736","Chandigarh","74",2020-06-27
"737","Chennai","82",2020-06-27
"738","Delhi","108",2020-06-27
"739","Ernakulam","106",2020-06-27
"740","Gurugram","104",2020-06-27
"741","Guwahati","30",2020-06-27
"742","Hyderabad","54",2020-06-27
"743","Jaipur","78",2020-06-27
"744","Jorapokhar","135",2020-06-27
"745","Kochi","76",2020-06-27
"746","Kolkata","30",2020-06-27
"747","Lucknow","72",2020-06-27
"748","Mumbai","50",2020-06-27
"749","Patna","64",2020-06-27
"750","Shillong","31",2020-06-27
"751","Talcher","76",2020-06-27
"752","Thiruvananthapuram","36",2020-06-27
"753","Visakhapatnam","43",2020-06-27
"754","Ahmedabad","58",2020-06-28
"755","Aizawl","6",2020-06-28
"756","Amaravati","47",2020-06-28
"757","Bengaluru","46",2020-06-28
"758","Bhopal","47",2020-06-28
"759","Chandigarh","75",2020-06-28
"760","Chennai","70",2020-06-28
"761","Delhi","209",2020-06-28
"762","Ernakulam","100",2020-06-28
"763","Gurugram","202",2020-06-28
"764","Guwahati","32",2020-06-28
"765","Hyderabad","44",2020-06-28
"766","Jaipur","74",2020-06-28
"767","Jorapokhar","94",2020-06-28
"768","Kochi","69",2020-06-28
"769","Kolkata","30",2020-06-28
"770","Lucknow","70",2020-06-28
"771","Mumbai","49",2020-06-28
"772","Patna","68",2020-06-28
"773","Shillong","29",2020-06-28
"774","Talcher","92",2020-06-28
"775","Thiruvananthapuram","41",2020-06-28
"776","Visakhapatnam","74",2020-06-28
"777","Ahmedabad","48",2020-06-29
"778","Aizawl","9",2020-06-29
"779","Amaravati","56",2020-06-29
"780","Amritsar","50",2020-06-29
"781","Bengaluru","51",2020-06-29
"782","Bhopal","51",2020-06-29
"783","Chandigarh","83",2020-06-29
"784","Chennai","93",2020-06-29
"785","Delhi","230",2020-06-29
"786","Ernakulam","106",2020-06-29
"787","Gurugram","142",2020-06-29
"788","Guwahati","37",2020-06-29
"789","Hyderabad","44",2020-06-29
"790","Jaipur","65",2020-06-29
"791","Jorapokhar","74",2020-06-29
"792","Kochi","79",2020-06-29
"793","Kolkata","37",2020-06-29
"794","Lucknow","64",2020-06-29
"795","Mumbai","36",2020-06-29
"796","Patna","56",2020-06-29
"797","Shillong","20",2020-06-29
"798","Talcher","76",2020-06-29
"799","Thiruvananthapuram","52",2020-06-29
"800","Ahmedabad","69",2020-06-30
"801","Aizawl","9",2020-06-30
"802","Amaravati","51",2020-06-30
"803","Amritsar","69",2020-06-30
"804","Bengaluru","36",2020-06-30
"805","Bhopal","60",2020-06-30
"806","Chandigarh","54",2020-06-30
"807","Chennai","92",2020-06-30
"808","Delhi","102",2020-06-30
"809","Ernakulam","108",2020-06-30
"810","Gurugram","117",2020-06-30
"811","Guwahati","36",2020-06-30
"812","Hyderabad","47",2020-06-30
"813","Jaipur","69",2020-06-30
"814","Jorapokhar","82",2020-06-30
"815","Kochi","78",2020-06-30
"816","Kolkata","41",2020-06-30
"817","Lucknow","70",2020-06-30
"818","Mumbai","33",2020-06-30
"819","Patna","87",2020-06-30
"820","Shillong","23",2020-06-30
"821","Talcher","62",2020-06-30
"822","Thiruvananthapuram","38",2020-06-30
"823","Ahmedabad","80",2020-07-01
"824","Aizawl","12",2020-07-01
"825","Amaravati","41",2020-07-01
"826","Amritsar","88",2020-07-01
"827","Bengaluru","41",2020-07-01
"828","Bhopal","73",2020-07-01
"829","Chandigarh","60",2020-07-01
"830","Chennai","75",2020-07-01
"831","Delhi","117",2020-07-01
"832","Ernakulam","104",2020-07-01
"833","Gurugram","134",2020-07-01
"834","Guwahati","37",2020-07-01
"835","Hyderabad","39",2020-07-01
"836","Jaipur","81",2020-07-01
"837","Jorapokhar","84",2020-07-01
"838","Kochi","83",2020-07-01
"839","Kolkata","44",2020-07-01
"840","Lucknow","68",2020-07-01
"841","Mumbai","31",2020-07-01
"842","Patna","98",2020-07-01
"843","Shillong","23",2020-07-01
"844","Talcher","71",2020-07-01
"845","Thiruvananthapuram","38",2020-07-01
"846","Ahmedabad","86",2020-07-02
"847","Aizawl","11",2020-07-02
"848","Amaravati","35",2020-07-02
"849","Amritsar","76",2020-07-02
"850","Bengaluru","36",2020-07-02
"851","Bhopal","54",2020-07-02
"852","Chandigarh","70",2020-07-02
"853","Chennai","76",2020-07-02
"854","Delhi","127",2020-07-02
"855","Ernakulam","110",2020-07-02
"856","Gurugram","150",2020-07-02
"857","Guwahati","51",2020-07-02
"858","Hyderabad","33",2020-07-02
"859","Jaipur","127",2020-07-02
"860","Kochi","85",2020-07-02
"861","Kolkata","41",2020-07-02
"862","Lucknow","142",2020-07-02
"863","Mumbai","29",2020-07-02
"864","Patna","113",2020-07-02
"865","Shillong","20",2020-07-02
"866","Talcher","49",2020-07-02
"867","Thiruvananthapuram","38",2020-07-02
"868","Visakhapatnam","60",2020-07-02
"869","Ahmedabad","78",2020-07-03
"870","Aizawl","8",2020-07-03
"871","Amaravati","35",2020-07-03
"872","Amritsar","114",2020-07-03
"873","Bengaluru","38",2020-07-03
"874","Bhopal","43",2020-07-03
"875","Chandigarh","81",2020-07-03
"876","Chennai","132",2020-07-03
"877","Delhi","156",2020-07-03
"878","Ernakulam","105",2020-07-03
"879","Gurugram","204",2020-07-03
"880","Guwahati","30",2020-07-03
"881","Hyderabad","31",2020-07-03
"882","Jaipur","112",2020-07-03
"883","Jorapokhar","87",2020-07-03
"884","Kochi","82",2020-07-03
"885","Kolkata","40",2020-07-03
"886","Lucknow","125",2020-07-03
"887","Mumbai","34",2020-07-03
"888","Patna","72",2020-07-03
"889","Shillong","21",2020-07-03
"890","Talcher","45",2020-07-03
"891","Thiruvananthapuram","38",2020-07-03
"892","Ahmedabad","98",2020-07-04
"893","Aizawl","11",2020-07-04
"894","Amaravati","34",2020-07-04
"895","Amritsar","75",2020-07-04
"896","Bengaluru","36",2020-07-04
"897","Bhopal","79",2020-07-04
"898","Chandigarh","56",2020-07-04
"899","Chennai","117",2020-07-04
"900","Delhi","105",2020-07-04
"901","Gurugram","114",2020-07-04
"902","Guwahati","34",2020-07-04
"903","Hyderabad","30",2020-07-04
"904","Jaipur","87",2020-07-04
"905","Jorapokhar","109",2020-07-04
"906","Kochi","81",2020-07-04
"907","Kolkata","27",2020-07-04
"908","Lucknow","114",2020-07-04
"909","Mumbai","28",2020-07-04
"910","Patna","52",2020-07-04
"911","Shillong","17",2020-07-04
"912","Talcher","42",2020-07-04
"913","Thiruvananthapuram","35",2020-07-04
"914","Ahmedabad","84",2020-07-05
"915","Amaravati","29",2020-07-05
"916","Amritsar","55",2020-07-05
"917","Bengaluru","42",2020-07-05
"918","Bhopal","55",2020-07-05
"919","Chandigarh","36",2020-07-05
"920","Chennai","85",2020-07-05
"921","Delhi","90",2020-07-05
"922","Ernakulam","94",2020-07-05
"923","Gurugram","102",2020-07-05
"924","Guwahati","29",2020-07-05
"925","Hyderabad","32",2020-07-05
"926","Jaipur","78",2020-07-05
"927","Jorapokhar","70",2020-07-05
"928","Kochi","73",2020-07-05
"929","Kolkata","30",2020-07-05
"930","Lucknow","69",2020-07-05
"931","Mumbai","33",2020-07-05
"932","Patna","47",2020-07-05
"933","Shillong","12",2020-07-05
"934","Talcher","62",2020-07-05
"935","Thiruvananthapuram","45",2020-07-05
"936","Visakhapatnam","62",2020-07-05
"937","Ahmedabad","55",2020-07-06
"938","Amaravati","26",2020-07-06
"939","Amritsar","46",2020-07-06
"940","Bengaluru","38",2020-07-06
"941","Bhopal","44",2020-07-06
"942","Chandigarh","34",2020-07-06
"943","Chennai","109",2020-07-06
"944","Delhi","90",2020-07-06
"945","Ernakulam","100",2020-07-06
"946","Gurugram","102",2020-07-06
"947","Guwahati","26",2020-07-06
"948","Hyderabad","40",2020-07-06
"949","Jaipur","69",2020-07-06
"950","Jorapokhar","80",2020-07-06
"951","Kochi","76",2020-07-06
"952","Kolkata","34",2020-07-06
"953","Lucknow","104",2020-07-06
"954","Mumbai","56",2020-07-06
"955","Patna","47",2020-07-06
"956","Talcher","56",2020-07-06
"957","Thiruvananthapuram","47",2020-07-06
"958","Visakhapatnam","59",2020-07-06
